{"cameraMode":{"drawMode":0,"name":"Shaded","section":"Shading Mode"},"sceneLighting":true,"audioPlay":false,"sceneViewState":{"showFog":true,"showMaterialUpdate":true,"showSkybox":true,"showFlares":true,"showImageEffects":true,"showParticleSystems":true},"in2DMode":false,"pivot":{"x":-18.66392707824707,"y":-29.515884399414064,"z":44.958961486816409},"rotation":{"x":0.024169744923710824,"y":-0.8976519703865051,"z":-0.437273770570755,"w":-0.04959864914417267},"size":17.32050895690918,"orthographic":false}