{"cameraMode":{"drawMode":0,"name":"Shaded","section":"Shading Mode"},"sceneLighting":true,"audioPlay":false,"sceneViewState":{"showFog":true,"showMaterialUpdate":true,"showSkybox":true,"showFlares":true,"showImageEffects":true,"showParticleSystems":true},"in2DMode":false,"pivot":{"x":-90.6751708984375,"y":-399.130126953125,"z":508.7431640625},"rotation":{"x":0.38851913809776308,"y":-0.13742032647132874,"z":0.05874336510896683,"w":0.9092718958854675},"size":920.3258056640625,"orthographic":false}