{"cameraMode":{"drawMode":0,"name":"Shaded","section":"Shading Mode"},"sceneLighting":true,"audioPlay":false,"sceneViewState":{"showFog":true,"showMaterialUpdate":true,"showSkybox":true,"showFlares":true,"showImageEffects":true,"showParticleSystems":true},"in2DMode":false,"pivot":{"x":-1644.34130859375,"y":-90.3851318359375,"z":505.21044921875},"rotation":{"x":0.17249464988708497,"y":0.594978392124176,"z":-0.13258777558803559,"w":0.7737841606140137},"size":453.832763671875,"orthographic":false}