{"cameraMode":{"drawMode":0,"name":"Shaded","section":"Shading Mode"},"sceneLighting":true,"audioPlay":false,"sceneViewState":{"showFog":true,"showMaterialUpdate":true,"showSkybox":true,"showFlares":true,"showImageEffects":true,"showParticleSystems":true},"in2DMode":false,"pivot":{"x":26.169193267822267,"y":-71.92420196533203,"z":78.7706527709961},"rotation":{"x":0.29581910371780398,"y":-0.0034109200350940229,"z":0.0010982297826558352,"w":0.9552919864654541},"size":121.2435531616211,"orthographic":false}