{"cameraMode":{"drawMode":0,"name":"Shaded","section":"Shading Mode"},"sceneLighting":true,"audioPlay":false,"sceneViewState":{"showFog":true,"showMaterialUpdate":true,"showSkybox":true,"showFlares":true,"showImageEffects":true,"showParticleSystems":true},"in2DMode":false,"pivot":{"x":9838.9990234375,"y":7479.67041015625,"z":11605.40234375},"rotation":{"x":0.3924579322338104,"y":-0.3178248703479767,"z":0.1466478705406189,"w":0.8505666255950928},"size":8.953086853027344,"orthographic":false}