{"cameraMode":{"drawMode":0,"name":"Shaded","section":"Shading Mode"},"sceneLighting":true,"audioPlay":false,"sceneViewState":{"showFog":true,"showMaterialUpdate":true,"showSkybox":true,"showFlares":true,"showImageEffects":true,"showParticleSystems":true},"in2DMode":false,"pivot":{"x":477.3255310058594,"y":-232.7630615234375,"z":575.0357055664063},"rotation":{"x":0.4733317196369171,"y":0.3637354373931885,"z":-0.2233790159225464,"w":0.770598292350769},"size":892.4532470703125,"orthographic":false}