{"cameraMode":{"drawMode":0,"name":"Shaded","section":"Shading Mode"},"sceneLighting":true,"audioPlay":false,"sceneViewState":{"showFog":true,"showMaterialUpdate":true,"showSkybox":true,"showFlares":true,"showImageEffects":true,"showParticleSystems":true},"in2DMode":false,"pivot":{"x":603.7913818359375,"y":33.51017761230469,"z":-11.52528190612793},"rotation":{"x":-0.04660385102033615,"y":0.14184032380580903,"z":-0.0066958265379071239,"w":-0.9887835383415222},"size":6.037871837615967,"orthographic":false}