{"cameraMode":{"drawMode":0,"name":"Shaded","section":"Shading Mode"},"sceneLighting":true,"audioPlay":false,"sceneViewState":{"showFog":true,"showMaterialUpdate":true,"showSkybox":true,"showFlares":true,"showImageEffects":true,"showParticleSystems":true},"in2DMode":false,"pivot":{"x":604.9064331054688,"y":35.13308334350586,"z":-2.9703378677368166},"rotation":{"x":-0.02450697310268879,"y":-0.5100657343864441,"z":-0.014541161246597767,"w":0.8596663475036621},"size":10.16333293914795,"orthographic":false}