{"cameraMode":{"drawMode":0,"name":"Shaded","section":"Shading Mode"},"sceneLighting":true,"audioPlay":false,"sceneViewState":{"showFog":true,"showMaterialUpdate":true,"showSkybox":true,"showFlares":true,"showImageEffects":true,"showParticleSystems":true},"in2DMode":false,"pivot":{"x":-22.0,"y":17.661434173583986,"z":-125.05783081054688},"rotation":{"x":0.3824075758457184,"y":0.0027719498611986639,"z":-0.0011481461115181447,"w":0.9239951968193054},"size":20.656904220581056,"orthographic":false}