{"cameraMode":{"drawMode":0,"name":"Shaded","section":"Shading Mode"},"sceneLighting":true,"audioPlay":false,"sceneViewState":{"showFog":true,"showMaterialUpdate":true,"showSkybox":true,"showFlares":true,"showImageEffects":true,"showParticleSystems":true},"in2DMode":false,"pivot":{"x":95.60798645019531,"y":61.33787155151367,"z":-54.505428314208987},"rotation":{"x":-0.3911779522895813,"y":0.2006387710571289,"z":-0.08784088492393494,"w":-0.8939254283905029},"size":23.408397674560548,"orthographic":false}