{"cameraMode":{"drawMode":0,"name":"Shaded","section":"Shading Mode"},"sceneLighting":true,"audioPlay":false,"sceneViewState":{"showFog":true,"showMaterialUpdate":true,"showSkybox":true,"showFlares":true,"showImageEffects":true,"showParticleSystems":true},"in2DMode":false,"pivot":{"x":10.277900695800782,"y":102.1941909790039,"z":-160.77183532714845},"rotation":{"x":-0.24352097511291505,"y":-0.011351329274475575,"z":0.002817766973748803,"w":-0.9698743224143982},"size":23.408397674560548,"orthographic":false}