{"cameraMode":{"drawMode":0,"name":"Shaded","section":"Shading Mode"},"sceneLighting":true,"audioPlay":false,"sceneViewState":{"showFog":true,"showMaterialUpdate":true,"showSkybox":true,"showFlares":true,"showImageEffects":true,"showParticleSystems":true},"in2DMode":false,"pivot":{"x":-309.3887939453125,"y":-454.07281494140627,"z":311.83441162109377},"rotation":{"x":0.3816179037094116,"y":-0.29143422842025759,"z":0.12817829847335816,"w":0.8677908182144165},"size":559.4370727539063,"orthographic":false}