{"cameraMode":{"drawMode":0,"name":"Shaded","section":"Shading Mode"},"sceneLighting":true,"audioPlay":false,"sceneViewState":{"showFog":true,"showMaterialUpdate":true,"showSkybox":true,"showFlares":true,"showImageEffects":true,"showParticleSystems":true},"in2DMode":false,"pivot":{"x":49.663360595703128,"y":57.57347869873047,"z":-149.315185546875},"rotation":{"x":0.3599931001663208,"y":-0.025185298174619676,"z":0.009721730835735798,"w":0.932567834854126},"size":57.88423156738281,"orthographic":false}