{"cameraMode":{"drawMode":0,"name":"Shaded","section":"Shading Mode"},"sceneLighting":true,"audioPlay":false,"sceneViewState":{"showFog":true,"showMaterialUpdate":true,"showSkybox":true,"showFlares":true,"showImageEffects":true,"showParticleSystems":true},"in2DMode":false,"pivot":{"x":119.79070281982422,"y":39.593223571777347,"z":15.451045989990235},"rotation":{"x":0.0420757420361042,"y":0.41201168298721316,"z":-0.019043685868382455,"w":0.9100697040557861},"size":86.6025390625,"orthographic":false}