{"cameraMode":{"drawMode":0,"name":"Shaded","section":"Shading Mode"},"sceneLighting":true,"audioPlay":false,"sceneViewState":{"showFog":true,"showMaterialUpdate":true,"showSkybox":true,"showFlares":true,"showImageEffects":true,"showParticleSystems":true},"in2DMode":false,"pivot":{"x":726.813720703125,"y":-475.2228698730469,"z":-240.3343048095703},"rotation":{"x":-0.18356935679912568,"y":-0.7451444864273071,"z":0.22795826196670533,"w":-0.5993231534957886},"size":450.460205078125,"orthographic":false}