{"cameraMode":{"drawMode":0,"name":"Shaded","section":"Shading Mode"},"sceneLighting":true,"audioPlay":false,"sceneViewState":{"showFog":true,"showMaterialUpdate":true,"showSkybox":true,"showFlares":true,"showImageEffects":true,"showParticleSystems":true},"in2DMode":false,"pivot":{"x":-2.0507047176361086,"y":66.45205688476563,"z":-95.77838897705078},"rotation":{"x":0.2626861333847046,"y":0.008681215345859528,"z":-0.002354023978114128,"w":0.964864194393158},"size":73.31869506835938,"orthographic":false}