{"cameraMode":{"drawMode":0,"name":"Shaded","section":"Shading Mode"},"sceneLighting":true,"audioPlay":false,"sceneViewState":{"showFog":true,"showMaterialUpdate":true,"showSkybox":true,"showFlares":true,"showImageEffects":true,"showParticleSystems":true},"in2DMode":false,"pivot":{"x":-152.62075805664063,"y":-58.014808654785159,"z":121.56884765625},"rotation":{"x":-0.20314280688762666,"y":0.05547703430056572,"z":-0.011528830975294114,"w":-0.9775102734565735},"size":86.6025390625,"orthographic":false}