{"cameraMode":{"drawMode":0,"name":"Shaded","section":"Shading Mode"},"sceneLighting":true,"audioPlay":false,"sceneViewState":{"showFog":true,"showMaterialUpdate":true,"showSkybox":true,"showFlares":true,"showImageEffects":true,"showParticleSystems":true},"in2DMode":false,"pivot":{"x":-44.74721145629883,"y":108.66340637207031,"z":-125.82876586914063},"rotation":{"x":-0.4032265841960907,"y":-0.15100039541721345,"z":0.06767189502716065,"w":-0.9000435471534729},"size":10.0,"orthographic":false}