{"cameraMode":{"drawMode":0,"name":"Shaded","section":"Shading Mode"},"sceneLighting":true,"audioPlay":false,"sceneViewState":{"showFog":true,"showMaterialUpdate":true,"showSkybox":true,"showFlares":true,"showImageEffects":true,"showParticleSystems":true},"in2DMode":false,"pivot":{"x":84.76748657226563,"y":103.825439453125,"z":-1105.9833984375},"rotation":{"x":0.022631430998444558,"y":-0.9737358093261719,"z":0.1971932351589203,"w":0.11177647113800049},"size":559.4370727539063,"orthographic":false}