{"cameraMode":{"drawMode":0,"name":"Shaded","section":"Shading Mode"},"sceneLighting":true,"audioPlay":false,"sceneViewState":{"showFog":true,"showMaterialUpdate":true,"showSkybox":true,"showFlares":true,"showImageEffects":true,"showParticleSystems":true},"in2DMode":false,"pivot":{"x":9026.8828125,"y":7951.994140625,"z":11833.8701171875},"rotation":{"x":-0.037507589906454089,"y":-0.9590021371841431,"z":0.2365087866783142,"w":-0.15198270976543427},"size":17.32050895690918,"orthographic":false}