{"cameraMode":{"drawMode":0,"name":"Shaded","section":"Shading Mode"},"sceneLighting":true,"audioPlay":false,"sceneViewState":{"showFog":true,"showMaterialUpdate":true,"showSkybox":true,"showFlares":true,"showImageEffects":true,"showParticleSystems":true},"in2DMode":false,"pivot":{"x":554.2211303710938,"y":232.68177795410157,"z":-3.39483642578125},"rotation":{"x":0.0015000371495261789,"y":-0.002999609336256981,"z":0.000004539840574580012,"w":0.999995231628418},"size":257.0872802734375,"orthographic":false}