{"cameraMode":{"drawMode":0,"name":"Shaded","section":"Shading Mode"},"sceneLighting":true,"audioPlay":false,"sceneViewState":{"showFog":true,"showMaterialUpdate":true,"showSkybox":true,"showFlares":true,"showImageEffects":true,"showParticleSystems":true},"in2DMode":false,"pivot":{"x":11.075677871704102,"y":-97.18303680419922,"z":95.88017272949219},"rotation":{"x":0.2920836806297302,"y":-0.003152127144858241,"z":0.0009351451881229878,"w":0.9564112424850464},"size":201.4363250732422,"orthographic":false}