{"cameraMode":{"drawMode":0,"name":"Shaded","section":"Shading Mode"},"sceneLighting":true,"audioPlay":false,"sceneViewState":{"showFog":true,"showMaterialUpdate":true,"showSkybox":true,"showFlares":true,"showImageEffects":true,"showParticleSystems":true},"in2DMode":false,"pivot":{"x":-103.86410522460938,"y":-42.76079177856445,"z":82.21981811523438},"rotation":{"x":0.21474425494670869,"y":-0.10871849954128266,"z":0.024098878726363183,"w":0.9703545570373535},"size":121.2435531616211,"orthographic":false}