{"cameraMode":{"drawMode":0,"name":"Shaded","section":"Shading Mode"},"sceneLighting":true,"audioPlay":false,"sceneViewState":{"showFog":true,"showMaterialUpdate":true,"showSkybox":true,"showFlares":true,"showImageEffects":true,"showParticleSystems":true},"in2DMode":false,"pivot":{"x":2.25014591217041,"y":71.04986572265625,"z":-93.33192443847656},"rotation":{"x":0.2452072650194168,"y":0.024716006591916086,"z":-0.0062438142485916618,"w":0.9691600799560547},"size":146.59849548339845,"orthographic":false}