{"cameraMode":{"drawMode":0,"name":"Shaded","section":"Shading Mode"},"sceneLighting":true,"audioPlay":false,"sceneViewState":{"showFog":true,"showMaterialUpdate":true,"showSkybox":true,"showFlares":true,"showImageEffects":true,"showParticleSystems":true},"in2DMode":false,"pivot":{"x":34.12522888183594,"y":55.07084655761719,"z":-122.53789520263672},"rotation":{"x":0.444589763879776,"y":0.046988826245069507,"z":-0.023362750187516214,"w":0.8941986560821533},"size":24.633739471435548,"orthographic":false}