{"cameraMode":{"drawMode":0,"name":"Shaded","section":"Shading Mode"},"sceneLighting":true,"audioPlay":false,"sceneViewState":{"showFog":true,"showMaterialUpdate":true,"showSkybox":true,"showFlares":true,"showImageEffects":true,"showParticleSystems":true},"in2DMode":false,"pivot":{"x":-106.48672485351563,"y":-20.897415161132814,"z":-0.9159389734268189},"rotation":{"x":-0.5304719805717468,"y":-0.010432317852973938,"z":0.006529701873660088,"w":-0.8476214408874512},"size":86.6025390625,"orthographic":false}