{"cameraMode":{"drawMode":0,"name":"Shaded","section":"Shading Mode"},"sceneLighting":false,"audioPlay":false,"sceneViewState":{"showFog":true,"showMaterialUpdate":true,"showSkybox":false,"showFlares":true,"showImageEffects":true,"showParticleSystems":true},"in2DMode":false,"pivot":{"x":626.0072021484375,"y":-570.824951171875,"z":-2858.666748046875},"rotation":{"x":0.36791902780532839,"y":0.015347077511250973,"z":-0.00603772746399045,"w":0.9297500848770142},"size":745.1109008789063,"orthographic":false}