{"cameraMode":{"drawMode":0,"name":"Shaded","section":"Shading Mode"},"sceneLighting":true,"audioPlay":false,"sceneViewState":{"showFog":true,"showMaterialUpdate":false,"showSkybox":true,"showFlares":true,"showImageEffects":true,"showParticleSystems":true},"in2DMode":false,"pivot":{"x":-98.49382019042969,"y":92.61392211914063,"z":1.5353230237960816},"rotation":{"x":-0.1585376113653183,"y":-0.03494776785373688,"z":0.0056152986362576489,"w":-0.9867190718650818},"size":139.06195068359376,"orthographic":false}